Images,City,Categories,Styles
shazeinteriors.com/images/interior-design1.jpg,Rawalpindi,interior,interior_style_1
shazeinteriors.com/images/interior-design2.jpg,Rawalpindi,interior,interior_style_2
shazeinteriors.com/images/interior-design3.jpg,Rawalpindi,interior,interior_style_3
shazeinteriors.com/images/interior-design4.jpg,Rawalpindi,interior,interior_style_4
shazeinteriors.com/images/interior-design5.jpg,Rawalpindi,interior,interior_style_5
shazeinteriors.com/images/interior-design6.jpg,Rawalpindi,interior,interior_style_6
shazeinteriors.com/images/interior-design7.jpg,Rawalpindi,interior,interior_style_7
shazeinteriors.com/images/interior-design8.jpg,Rawalpindi,interior,interior_style_8
shazeinteriors.com/images/interior-design9.jpg,Rawalpindi,interior,interior_style_9
